id_area,td_navyj_km_6,td_navyj_km_5,td_navyj_km_4
1016,0.626623719,23.79207371,24.59045851
1024,0.627173923,105.9005576,102.9844872
1025,0.626991482,69.29042547,67.11160832
1017,9.67E-05,21.70484715,17.93720989
1004,0.626990811,73.47358028,71.21015076
1015,0.626740699,9.161596008,9.742867642
2016,0.000167418,50.42599524,52.21879757
2017,9.29E-05,22.45765708,22.00880257
2018,5.27E-05,9.135780531,9.709676992
2021,0.623835371,52.51314674,56.3026695
2031,0.622697031,10.48915308,11.17262257
2027,0.000235911,18.40876347,20.82237496
2045,0.000417066,34.76478184,33.48114176
2044,0.621156486,83.44120666,83.79793625
2008,0.621919167,37.61432812,37.58231977
2023,0.621476807,15.56514518,19.34797837
2026,0.621476807,16.31554705,19.34797837
2037,0.619643938,5.657531648,5.539417995
2036,4.16E-05,3.808242331,3.7281168
2034,0.619723533,2.83235554,0
2040,0.619823539,23.1468571,23.38657374
2024,0.619297058,33.8143416,34.45361032
2039,0.61984175,27.33276364,27.48724035
2042,2.85E-05,2.83235554,0
2025,0.000287541,14.14055184,16.61597414
3042,0.617707665,7.006313201,5.52239928
3043,0.617397417,34.29123756,35.64252204
3029,0.617818238,30.03023502,28.70884361
3041,0.000368979,29.38320987,30.12675852
3036,0.61753356,2.817198825,4.102592335
3024,0.000202885,23.1043718,26.02795115
3014,0.617909491,22.38220433,21.92721199
3023,0.617514941,21.01096678,23.34465074
3008,0.61530449,78.85669471,79.2980571
3019,0.000294592,25.13635688,25.98751259
3007,0.615356256,46.77571211,49.25156835
3012,0.000173955,10.47856957,10.95327671
3011,0.000424016,18.15164903,17.78327011
3037,0.615273199,85.13362635,87.49160937
3006,0.000401486,30.02493103,27.36310485
3027,0.615308784,69.08689429,71.09876716
3033,0.000597361,44.68193774,43.77248848
4007,0.613877673,57.91943797,57.45056508
4027,0.00041921,2.777196612,5.442023543
4043,0.001025921,55.8253622,57.45056508
4054,0.001015759,57.91943797,57.45056508
4047,0.613779119,32.09951001,32.82943345
4070,0.613904738,16.02534378,16.41470295
4053,0.613886136,59.32405592,61.55371143
4031,0.001906846,80.1903374,83.336198
4040,0.001084171,53.0418513,53.34707129
4068,0.000215485,5.553941517,9.013770091
4046,0.613817466,42.57058255,45.14005222
4067,0.001588471,82.25803411,86.03554371
4041,0.61381924,53.0418513,53.34707129
4079,0.613842359,53.0418513,53.34707129
4038,0.000276208,13.93245002,14.9870954
4051,0.613838799,50.94776364,53.34707129
4024,0,1.823755569,0
4001,0.614729156,89.25645147,92.8910509
4006,0.001071081,59.32405592,61.55371143
4025,0.61407418,1.823804917,5.442023543
4039,0.000348321,18.12094741,14.9870954
4026,0.00027584,2.777196612,5.442023543
4078,0.001091381,62.82777479,66.99244523
4010,0.000878793,36.97451978,36.9332701
4083,0.614077351,38.88200941,35.36598156
4036,0.614558285,5.546408969,5.433734673
4014,0.613882925,59.80183677,61.30835601
4082,0.614121617,36.79007935,35.36598156
4055,0.61401688,40.97377464,39.46423193
4057,0.000842676,18.27080415,16.11792332
4034,0.613772217,75.85792653,76.36718104
4037,0.000853988,23.90797655,23.42533165
4035,0.614183479,32.60480582,31.26711549
4045,0.614179622,34.69732148,31.26711549
4071,0.001132892,101.6513284,103.6831838
4061,0.000426999,22.26597407,21.81482961
4080,0.00018736,2.753487181,4.104675815
4065,0.611708298,29.98434822,25.91543979
4029,0.612023839,45.96727083,47.73340388
4020,0.611878931,6.943440806,9.500949328
4069,0.611774888,4.847946582,5.396937029
4062,0.611702163,14.66399448,13.6038526
4063,0.612096405,55.00895058,55.9431054
4074,0.611753286,6.284855397,8.209386165
4056,0.000109255,6.943095397,4.10474252
4002,0.61166796,8.379391334,8.209536412
4011,0.000452251,28.5502015,30.02431693
4073,0.00028874,6.284855397,8.209386165
4075,0.612249508,84.89018851,87.26637709
4081,0.000402376,4.848445667,5.396292492
4017,0.611786419,1.787012173,3.504661659
4048,0.000666292,7.602239031,10.79237522
4012,0.612334164,107.2695211,111.8914199
4058,0.000440587,9.697033181,13.60558886
4023,0.000428291,25.79429247,25.91543979
4016,7.69E-05,1.787012173,5.396292492
4019,0.000985205,75.84425739,79.05683748
4033,0.612271314,91.17675085,91.37072912
4066,0.611911194,4.848445667,9.500949328
4049,0.000387123,17.41768703,21.81482961
4044,0.000286707,19.51035194,17.70766092
4042,0.611687568,12.56913794,8.209536412
4030,0.612148744,59.85862304,61.34175312
4052,0.000104255,4.189713618,4.10474252
4077,0.612193677,73.74937921,74.95233653
4032,0.001277945,114.8789112,117.2955682
4072,0.001092941,95.36662639,95.4749016
4064,0.00033246,14.66435791,16.41860722
4018,0.611782066,2.094816933,3.504661659
5006,0.612751524,0,0
5028,0.612703746,6.933110208,5.374572547
5018,0.612316703,17.90658389,16.12625381
5039,0.000911035,31.27629416,31.27614343
5045,0.000874859,23.54350563,23.06578767
5010,0,2.095201065,0
5020,0.000108824,2.095201065,0
5035,0.000879521,27.08620071,27.17101566
5021,0.000947346,36.7687547,36.65278878
5017,0.001270435,61.40510036,61.57693185
5014,0.612446374,45.80111777,44.86398447
5012,0.000315899,9.67600038,9.4798975
5022,0.612292792,52.22808158,51.80151841
5011,0.000555546,8.380719061,8.210475416
5043,0.001347941,59.95721554,58.74091708
5029,0.612247914,29.18127445,31.27614343
5026,0.612514152,13.21706611,13.58261084
5024,0.612868235,19.34080473,18.94499165
5013,0.612700094,4.506693906,5.367208128
5019,0.000390463,13.05846804,14.84366217
5030,0.612777786,13.51248103,14.19067118
5005,0.612707379,2.740762752,3.458852087
5040,0.612583961,15.15362684,14.84366217
5025,0.612955004,19.34080473,18.94499165
5001,0.613388216,2.095522175,3.44592886
5003,0.000275848,3.516740937,0
5037,0.000690792,13.21292649,13.56889819
5007,0.000418225,5.47023899,4.105639574
5009,0.61364766,4.493406421,0
5002,0.613202462,6.286340021,9.465660176
5008,0.613498769,9.661148139,8.211786889
5033,0.613460294,39.05161489,36.20707023
5004,0.612857069,2.733242131,4.105844586
5027,0.612906049,1.754699839,4.105844586
6016,0.000403351,27.24784961,24.63824534
6024,0.613959807,5.444138863,9.440073805
6021,0.613988469,34.79238978,34.08097556
6004,0.613797142,49.88168813,48.86572953
6020,0.000696881,42.96414863,40.65136898
6014,0.000644933,39.61346376,39.41913665
6023,2.50E-05,1.738531661,0
6006,0.0003826,25.1522717,20.53208477
6005,0.00121091,58.04650736,59.54222648
1014,0.000149876,21.69545282,24.59291379
1023,0.000266002,12.54950653,13.82602706
1006,0.625318698,61.12921016,64.51780934
1005,0.625344335,62.44316345,64.51780934
1011,0.625439986,34.49317578,34.31402162
1019,9.25E-05,16.9880039,17.9265701
1013,0.000134435,20.38454829,20.49445766
1020,0.625573112,19.07963382,22.02532074
1021,0.000123587,20.38454829,22.02532074
1022,0.625876746,16.73261183,16.39360411
1007,7.99E-05,12.80624198,13.82816599
1010,0.000224674,33.70817451,34.31402162
1002,0.000248446,10.45794725,9.72772958
3010,0.617397328,28.74772297,24.71084297
3039,0.0013389,94.38393849,91.7725753
3022,0.617060796,39.83559169,43.82734645
3005,0.000326656,2.80986995,4.10178295
3004,0.000279291,4.186636398,4.10178295
3017,0.617306974,36.39894825,32.90961113
3009,0.000870543,26.65637329,26.11612164
3040,0.001679063,64.26536075,60.21400453
3018,0.000598228,13.27634914,17.81057256
3013,0.001293471,79.70381189,78.08648024
3016,0.617238495,37.11388221,34.31203007
3025,0.617121203,37.82903412,34.31203007
3020,0.00135534,98.56641249,95.86870282
3003,0.61714237,6.279973877,9.607255999
3026,0.617196652,39.92049063,38.41070276
3021,0.001380567,94.38393849,91.7725753
3030,0.000878777,42.64821839,45.23664067
7003,0.001685979,64.51879431,65.85432484
7012,0.615524203,69.92454497,71.15020019
7017,0.614305434,67.3092224,65.94056817
7004,0.001145337,55.5930467,56.51684389
7007,0.000960436,26.47984073,26.53867725
7006,0.615772304,37.30737063,37.14678709
7008,0.615616912,58.5018788,59.36075814
7011,0.615552463,32.50660516,31.84318638
7010,0.615656609,57.89085446,59.36075814
7016,0.614324053,72.74055626,71.25829759
8004,0.615062134,11.6729945,8.215774261
8059,0.612626509,1.6810141,3.294047124
8028,0.002856891,33.93499648,34.89178564
8073,0.61428538,37.31229442,38.20099604
8060,0.612111358,2.68720219,0
8066,0.61447646,34.61631526,36.22864724
8027,0.002199833,39.32626357,40.17452256
8025,0.614233764,33.95027517,34.90761259
8065,0.614396161,35.29922287,39.52226933
8026,0.61412665,36.63809687,40.17452256
8022,0.000610714,4.368330263,8.559900305
8015,0.611684649,9.565294229,5.26301307
8020,0.613020121,53.34614955,48.64498938
8038,0.00192462,46.98525871,43.39658115
8048,0.613191618,39.59394767,36.82179139
8043,0.001894879,54.34479849,50.60516083
8034,0.613065778,49.66285211,46.68518316
8036,0.001901778,44.30603289,41.4382889
8032,0.613163674,39.9480293,38.14962171
8002,0.001947876,45.98489816,46.68518316
14019,0.00111231,44.62137887,45.21678999
14031,0.000605945,19.55315931,19.68979027
14009,0.606908261,28.39535615,29.85885507
14008,0.000638472,22.65399662,22.71843868
14003,0.000879662,31.48406773,32.88688634
14006,0.607210094,12.94550795,12.68031225
9004,0.606902461,46.71880268,49.32659037
14005,0.001035958,40.42606048,41.10698638
14007,0.000663715,13.97486264,12.68031225
14030,0.606859315,35.6791283,36.99716821
14039,0.000614562,13.97715199,12.68031225
14038,0.001013757,38.32782961,38.07971076
14040,0.000813793,26.29699258,25.74611175
14002,0.607102598,18.56496131,18.74895963
14012,0.606898584,40.42530562,42.1895928
14001,0.000599696,20.10905602,19.68979027
14026,0.000794185,26.29699258,25.74611175
9005,0.001540595,57.20580119,57.54604824
10004,0.60481994,27.74537071,29.74360874
10016,0.000981447,18.30428046,15.3709892
10018,0.607869608,29.79777014,31.76088738
10032,0.610748354,13.10271134,13.34388579
10071,0.609726428,21.44671856,22.55000953
10175,0.000877061,15.18653167,16.41797385
10149,0.000755018,11.53553201,9.245890076
10045,0.610308796,17.25285343,17.42431908
10024,0.610475463,15.68440502,15.3709892
10100,0.610368526,19.8726968,18.44538462
10099,0.608062519,29.81871893,29.72800769
10116,0.610414802,21.97684237,20.50533209
10044,0.002335125,14.13423457,14.3569049
10001,0.003112718,31.90392159,30.74289419
10025,0.610430275,16.73255823,17.42431908
10049,0.001135573,12.05766862,10.2697084
10070,0.000500543,18.83016592,19.47912521
10224,0.609569718,26.16480325,26.66258166
14016,0.000246954,16.03041731,16.70411526
14020,0.606728961,9.12062638,8.354249223
14024,0.000432331,39.17598544,40.40471494
14011,0.606834988,20.29029675,19.86711563
14028,0.607089477,44.46357719,41.48138368
14029,0.607053371,46.55968034,45.58435478
14010,9.43E-05,7.503644053,6.334604639
14032,0.606992928,41.27125149,40.40471494
14033,0.000453319,30.42684773,28.21256306
14021,0.606774928,13.38439497,11.52154942
14015,0.606856447,16.61555354,14.68648838
14023,0.606954421,32.36070782,31.11891654
14037,0.000152358,11.76813029,11.52154942
14025,0.606736387,5.88231714,3.166435572
14022,0.000297025,23.52047187,23.03046169
14014,0.606674396,4.746582577,5.190021728
14041,0.606897506,27.78261835,26.19421236
14042,0.606850383,21.90494548,23.03046169
14017,0.60682319,18.67611785,19.86711563
14018,0.606888476,25.13616662,23.03046169
14004,0.606800623,15.00012999,14.68648838
14046,0.607019636,41.8197472,40.40471494
14034,0.607042874,30.42684773,31.37423801
14035,0.000478076,31.45667033,28.21256306
14036,0.000429101,38.62735677,36.30067873
8010,0.000597408,20.96494362,20.53934849
8069,0.000447438,19.46468086,17.59870671
8030,0.000155234,2.691760874,4.107937455
8067,0.613552161,21.56111702,21.7067934
8012,0.000522286,24.85213616,22.87533094
8050,0.000216054,4.379687171,4.107937455
8053,0.00121664,65.57466939,66.29188884
8054,0.613717481,34.43027336,32.26010051
8008,0.000463791,15.27205593,16.4315432
8003,0.614424048,7.478136561,9.37966141
8007,0.000446124,9.760139491,8.577669823
8039,7.38E-05,2.691530346,5.273798509
8076,0.000404893,8.073232474,8.577669823
8023,0.614514803,7.069011701,8.577669823
8016,0.613087901,1.669353673,3.271209055
8056,0.613393914,25.16266922,24.6514315
8064,0.002721019,104.5041252,102.3862155
8063,0.002764497,101.8364099,102.3862155
8058,0.000318871,14.67975867,16.43459985
8029,0.613517698,25.74646104,25.79481693
8014,0.003081341,94.40478724,97.15753928
8062,0.612468518,100.3168699,98.28173286
8040,0.002817454,95.76560723,95.30729138
8011,0.002251983,70.77102228,71.3928828
10182,0.003018393,38.85312397,39.08168454
10143,0.003832939,143.2815893,143.9103931
10111,0.003864984,134.8902009,135.6893908
10017,0.003339235,19.41675112,17.47977436
10142,0.003588645,117.5733992,118.2206401
10138,0.609653297,145.3793579,143.9103931
10078,0.003314876,17.84235376,17.47977436
10091,0.002889973,25.19092207,21.59424872
10092,0.003795534,141.183771,139.7999076
10124,0.003373424,19.41675112,17.47977436
10077,0.611658309,18.89188778,19.536504
10036,0.609916362,118.1061871,119.2463349
10094,0.610405201,63.52013765,61.70956322
10141,0.003552154,113.3689375,112.0627192
10151,0.609788901,128.0632053,126.4429763
10152,0.003613161,121.2490743,122.3322997
10005,0.003585676,119.6716669,118.2206401
10127,0.61192478,17.82909344,16.44042717
10090,0.003192318,70.3443748,69.93257118
10073,0.610088994,101.3031815,100.7631784
10166,0.613167621,24.1175502,24.65379272
10086,0.003514364,109.1731379,108.9862615
10053,0.610443095,59.32393864,61.70956322
10150,0.60977397,125.445138,126.4429763
10029,0.002958476,34.12785566,34.9704507
10089,0.003339235,19.41675112,17.47977436
10162,0.610437985,51.97083039,52.45102989
10055,0.002873024,23.61650255,21.59424872
10153,0.003513018,109.1731379,108.9862615
10126,0.610610463,42.52043797,43.19288613
10057,0.005686891,23.59275337,21.57427779
10093,0.003267257,16.26792516,14.39496764
10226,0.611263007,22.56614223,21.59424872
10085,0.610223541,83.98380223,86.38009266
10133,0.003607513,119.6716669,119.2463349
10101,0.003120776,21.51609097,19.536504
10270,0.611610719,20.46626684,19.536504
10051,0.611972524,8.918909688,8.22251247
10202,0.003094267,56.16963039,56.56292536
10054,0.002987443,22.56614223,21.59424872
10217,0.003012251,32.02441553,30.85925843
10119,0.003175957,13.11906229,11.31013206
10056,0.613622399,22.02582373,20.55469255
10015,0.609806257,123.3469851,122.3322997
10110,0.002945078,31.49282474,28.79793569
10199,0.610584716,45.14749922,43.19288613
10130,0.610157872,99.73895521,101.7930121
10183,0.00299953,51.97083039,52.45102989
10136,0.610517459,47.24582376,48.33965367
10107,0.610280485,74.54250207,75.08068158
10050,0.612333635,8.918909688,6.169634488
10137,0.003837779,146.9461962,148.0208697
10216,0.003008959,33.59859562,30.85925843
10320,0.003861525,132.7923901,131.5788087
10063,0.002879899,28.86729918,26.73786636
10006,0.60995617,119.6716669,118.2206401
10115,0.610727253,36.22598789,34.9704507
10106,0.003957703,10.49287246,6.169634488
10067,0.613430336,20.44945039,18.49476497
10112,0.003883563,20.9911479,20.56459072
10200,0.610634618,40.4222514,39.08168454
10113,0.003276871,80.83720316,79.19168899
10062,0.003275315,87.14470499,89.46022473
10046,0.609813078,130.1628214,131.5788087
10061,0.003296249,89.76128728,89.46022473
10117,0.004193893,16.78613506,16.44568319
10201,0.609944677,116.5271267,116.173482
10120,0.611950585,11.54464511,11.31013206
10118,0.003255099,83.98380223,82.26700435
10114,0.002935861,38.32411131,39.08168454
10144,0.609261102,44.06801555,44.66706657
10128,0.609151711,39.01027415,40.75614373
10083,0.00062308,12.50332533,14.30486121
10121,0.608114806,18.56976932,17.15196274
10023,0.609349566,54.78482535,56.66899322
11069,0.000998182,28.13809557,25.02836421
11070,0.000425715,6.789052159,4.112984287
11062,0.000812068,6.697717059,8.048565017
11061,0.000921163,26.61922719,25.02836421
11060,0.000760017,8.660841648,11.02151745
11012,0.000921803,17.95469338,16.10385999
11068,0.000667157,6.297375206,9.187531388
11071,0.000542011,14.47428108,13.12900673
10254,0.000652098,49.20481966,51.26291777
10035,0.001592766,30.228477,30.64552504
10058,0.607197116,50.56190148,52.10445272
10019,0.604922747,24.59536918,23.5896882
10034,0.604627881,34.39546717,33.70015961
10108,0.606811737,53.63207598,54.06551407
10260,0.002483059,49.47683671,48.96689094
10033,0.00164046,35.9542013,33.70015961
10060,0.606991397,51.57926509,51.03327232
10059,0.002595992,51.07068429,53.10022298
10308,0.002088191,44.79349307,43.88374466
11035,0.598764947,104.2679168,108.2292523
11051,0.598737201,72.47619012,70.88772815
11049,0.000480436,63.6174278,65.82159374
11005,0.000795672,113.786492,115.5063955
11055,0.598620027,59.89179248,59.68522845
11050,0.598945186,71.73661883,73.80540003
11039,0.598866327,79.13437199,81.02291107
11017,0.001442581,35.75993083,36.62153567
11021,0.001267216,39.28574383,38.48491828
11015,0.001258708,32.03643011,33.43760099
11016,0.599597131,34.13598238,33.43760099
11020,0.599462677,38.80989362,37.55137081
11024,0.599041196,25.46256005,26.5365452
11007,0.59914033,8.512399849,7.949628111
11023,0.000993559,32.23596994,30.65034654
11018,0.599367434,37.38382667,35.69212507
11008,0.000623275,4.455328255,2.909750419
11014,0.598914028,23.09532684,25.60869259
11009,0.000734387,7.025495455,2.909750419
11026,0.599088944,33.16125676,31.0294255
11044,0.000327611,7.242614056,8.228534482
11027,0.001097059,31.67569667,31.0294255
11006,0.000815397,8.512399849,7.949628111
11013,0.000936147,17.26867183,17.381091
11025,0.599182222,27.83716214,28.39388465
11076,0.597951553,139.9980622,134.8996672
11074,0.597947913,138.9454642,137.785991
11057,0.598280375,115.1331884,113.0440658
11059,0.001402619,76.03093725,74.42391472
11047,0.001355,71.98709754,71.52724241
11048,0.001406864,155.5303767,152.5743315
11029,0.599619443,77.1964642,75.1805191
